List of Genomic Elements,,,Cell Type-Specific Source,
Genomic Class,Element,Available Cell Type,GM12878,K562
Chromatin State Segmentation ,10TxnElongation,GM12878/K562,http://hgdownload.soe.ucsc.edu/goldenPath/hg19/encodeDCC/wgEncodeBroadHmm/wgEncodeBroadHmmGm12878HMM.bed.gz,http://hgdownload.soe.ucsc.edu/goldenPath/hg19/encodeDCC/wgEncodeBroadHmm/wgEncodeBroadHmmK562HMM.bed.gz
,11WeakTxn,GM12878/K562,http://hgdownload.soe.ucsc.edu/goldenPath/hg19/encodeDCC/wgEncodeBroadHmm/wgEncodeBroadHmmGm12878HMM.bed.gz,http://hgdownload.soe.ucsc.edu/goldenPath/hg19/encodeDCC/wgEncodeBroadHmm/wgEncodeBroadHmmK562HMM.bed.gz
,12Repressed,GM12878/K562,http://hgdownload.soe.ucsc.edu/goldenPath/hg19/encodeDCC/wgEncodeBroadHmm/wgEncodeBroadHmmGm12878HMM.bed.gz,http://hgdownload.soe.ucsc.edu/goldenPath/hg19/encodeDCC/wgEncodeBroadHmm/wgEncodeBroadHmmK562HMM.bed.gz
,13Heterochromlo,GM12878/K562,http://hgdownload.soe.ucsc.edu/goldenPath/hg19/encodeDCC/wgEncodeBroadHmm/wgEncodeBroadHmmGm12878HMM.bed.gz,http://hgdownload.soe.ucsc.edu/goldenPath/hg19/encodeDCC/wgEncodeBroadHmm/wgEncodeBroadHmmK562HMM.bed.gz
,14RepetitiveCNV,GM12878/K562,http://hgdownload.soe.ucsc.edu/goldenPath/hg19/encodeDCC/wgEncodeBroadHmm/wgEncodeBroadHmmGm12878HMM.bed.gz,http://hgdownload.soe.ucsc.edu/goldenPath/hg19/encodeDCC/wgEncodeBroadHmm/wgEncodeBroadHmmK562HMM.bed.gz
,15RepetitiveCNV,GM12878/K562,http://hgdownload.soe.ucsc.edu/goldenPath/hg19/encodeDCC/wgEncodeBroadHmm/wgEncodeBroadHmmGm12878HMM.bed.gz,http://hgdownload.soe.ucsc.edu/goldenPath/hg19/encodeDCC/wgEncodeBroadHmm/wgEncodeBroadHmmK562HMM.bed.gz
,1ActivePromoter,GM12878/K562,http://hgdownload.soe.ucsc.edu/goldenPath/hg19/encodeDCC/wgEncodeBroadHmm/wgEncodeBroadHmmGm12878HMM.bed.gz,http://hgdownload.soe.ucsc.edu/goldenPath/hg19/encodeDCC/wgEncodeBroadHmm/wgEncodeBroadHmmK562HMM.bed.gz
,2WeakPromoter,GM12878/K562,http://hgdownload.soe.ucsc.edu/goldenPath/hg19/encodeDCC/wgEncodeBroadHmm/wgEncodeBroadHmmGm12878HMM.bed.gz,http://hgdownload.soe.ucsc.edu/goldenPath/hg19/encodeDCC/wgEncodeBroadHmm/wgEncodeBroadHmmK562HMM.bed.gz
,3PoisedPromoter,GM12878/K562,http://hgdownload.soe.ucsc.edu/goldenPath/hg19/encodeDCC/wgEncodeBroadHmm/wgEncodeBroadHmmGm12878HMM.bed.gz,http://hgdownload.soe.ucsc.edu/goldenPath/hg19/encodeDCC/wgEncodeBroadHmm/wgEncodeBroadHmmK562HMM.bed.gz
,4StrongEnhancer,GM12878/K562,http://hgdownload.soe.ucsc.edu/goldenPath/hg19/encodeDCC/wgEncodeBroadHmm/wgEncodeBroadHmmGm12878HMM.bed.gz,http://hgdownload.soe.ucsc.edu/goldenPath/hg19/encodeDCC/wgEncodeBroadHmm/wgEncodeBroadHmmK562HMM.bed.gz
,5StrongEnhancer,GM12878/K562,http://hgdownload.soe.ucsc.edu/goldenPath/hg19/encodeDCC/wgEncodeBroadHmm/wgEncodeBroadHmmGm12878HMM.bed.gz,http://hgdownload.soe.ucsc.edu/goldenPath/hg19/encodeDCC/wgEncodeBroadHmm/wgEncodeBroadHmmK562HMM.bed.gz
,6WeakEnhancer,GM12878/K562,http://hgdownload.soe.ucsc.edu/goldenPath/hg19/encodeDCC/wgEncodeBroadHmm/wgEncodeBroadHmmGm12878HMM.bed.gz,http://hgdownload.soe.ucsc.edu/goldenPath/hg19/encodeDCC/wgEncodeBroadHmm/wgEncodeBroadHmmK562HMM.bed.gz
,7WeakEnhancer,GM12878/K562,http://hgdownload.soe.ucsc.edu/goldenPath/hg19/encodeDCC/wgEncodeBroadHmm/wgEncodeBroadHmmGm12878HMM.bed.gz,http://hgdownload.soe.ucsc.edu/goldenPath/hg19/encodeDCC/wgEncodeBroadHmm/wgEncodeBroadHmmK562HMM.bed.gz
,8Insulator,GM12878/K562,http://hgdownload.soe.ucsc.edu/goldenPath/hg19/encodeDCC/wgEncodeBroadHmm/wgEncodeBroadHmmGm12878HMM.bed.gz,http://hgdownload.soe.ucsc.edu/goldenPath/hg19/encodeDCC/wgEncodeBroadHmm/wgEncodeBroadHmmK562HMM.bed.gz
,9TxnTransition,GM12878/K562,http://hgdownload.soe.ucsc.edu/goldenPath/hg19/encodeDCC/wgEncodeBroadHmm/wgEncodeBroadHmmGm12878HMM.bed.gz,http://hgdownload.soe.ucsc.edu/goldenPath/hg19/encodeDCC/wgEncodeBroadHmm/wgEncodeBroadHmmK562HMM.bed.gz
Histone Modifications,H2az,GM12878/K562,http://hgdownload.soe.ucsc.edu/goldenPath/hg19/encodeDCC/wgEncodeBroadHistone/wgEncodeBroadHistoneGm12878H2azStdPk.broadPeak.gz,http://hgdownload.soe.ucsc.edu/goldenPath/hg19/encodeDCC/wgEncodeBroadHistone/wgEncodeBroadHistoneK562H2azStdPk.broadPeak.gz
,H3k27ac,GM12878/K562,http://hgdownload.soe.ucsc.edu/goldenPath/hg19/encodeDCC/wgEncodeBroadHistone/wgEncodeBroadHistoneGm12878H3k27acStdPk.broadPeak.gz,http://hgdownload.soe.ucsc.edu/goldenPath/hg19/encodeDCC/wgEncodeBroadHistone/wgEncodeBroadHistoneK562H3k27acStdPk.broadPeak.gz
,H3k27me3,GM12878/K562,http://hgdownload.soe.ucsc.edu/goldenPath/hg19/encodeDCC/wgEncodeBroadHistone/wgEncodeBroadHistoneGm12878H3k27me3StdPk.broadPeak.gz,http://hgdownload.soe.ucsc.edu/goldenPath/hg19/encodeDCC/wgEncodeBroadHistone/wgEncodeBroadHistoneK562H3k27me3StdPk.broadPeak.gz
,H3k36me3,GM12878/K562,http://hgdownload.soe.ucsc.edu/goldenPath/hg19/encodeDCC/wgEncodeBroadHistone/wgEncodeBroadHistoneGm12878H3k36me3StdPk.broadPeak.gz,http://hgdownload.soe.ucsc.edu/goldenPath/hg19/encodeDCC/wgEncodeBroadHistone/wgEncodeBroadHistoneK562H3k36me3StdPk.broadPeak.gz
,H3k4me1,GM12878/K562,http://hgdownload.soe.ucsc.edu/goldenPath/hg19/encodeDCC/wgEncodeBroadHistone/wgEncodeBroadHistoneGm12878H3k4me1StdPk.broadPeak.gz,http://hgdownload.soe.ucsc.edu/goldenPath/hg19/encodeDCC/wgEncodeBroadHistone/wgEncodeBroadHistoneK562H3k4me1StdPk.broadPeak.gz
,H3k4me2,GM12878/K562,http://hgdownload.soe.ucsc.edu/goldenPath/hg19/encodeDCC/wgEncodeBroadHistone/wgEncodeBroadHistoneGm12878H3k4me2StdPk.broadPeak.gz,http://hgdownload.soe.ucsc.edu/goldenPath/hg19/encodeDCC/wgEncodeBroadHistone/wgEncodeBroadHistoneK562H3k4me2StdPk.broadPeak.gz
,H3k4me3,GM12878/K562,http://hgdownload.soe.ucsc.edu/goldenPath/hg19/encodeDCC/wgEncodeBroadHistone/wgEncodeBroadHistoneGm12878H3k4me3StdPk.broadPeak.gz,http://hgdownload.soe.ucsc.edu/goldenPath/hg19/encodeDCC/wgEncodeBroadHistone/wgEncodeBroadHistoneK562H3k4me3StdPk.broadPeak.gz
,H3k79me2,GM12878/K562,http://hgdownload.soe.ucsc.edu/goldenPath/hg19/encodeDCC/wgEncodeBroadHistone/wgEncodeBroadHistoneGm12878H3k79me2StdPk.broadPeak.gz,http://hgdownload.soe.ucsc.edu/goldenPath/hg19/encodeDCC/wgEncodeBroadHistone/wgEncodeBroadHistoneK562H3k79me2StdPk.broadPeak.gz
,H3k9ac,GM12878/K562,http://hgdownload.soe.ucsc.edu/goldenPath/hg19/encodeDCC/wgEncodeBroadHistone/wgEncodeBroadHistoneGm12878H3k9acStdPk.broadPeak.gz,http://hgdownload.soe.ucsc.edu/goldenPath/hg19/encodeDCC/wgEncodeBroadHistone/wgEncodeBroadHistoneK562H3k9acStdPk.broadPeak.gz
,H3k9me3,GM12878/K562,http://hgdownload.soe.ucsc.edu/goldenPath/hg19/encodeDCC/wgEncodeBroadHistone/wgEncodeBroadHistoneGm12878H3k9me3StdPk.broadPeak.gz,http://hgdownload.soe.ucsc.edu/goldenPath/hg19/encodeDCC/wgEncodeBroadHistone/wgEncodeBroadHistoneK562H3k9me3StdPk.broadPeak.gz
,H4k20me1,GM12878/K562,http://hgdownload.soe.ucsc.edu/goldenPath/hg19/encodeDCC/wgEncodeBroadHistone/wgEncodeBroadHistoneGm12878H4k20me1StdPk.broadPeak.gz,http://hgdownload.soe.ucsc.edu/goldenPath/hg19/encodeDCC/wgEncodeBroadHistone/wgEncodeBroadHistoneK562H4k20me1StdPk.broadPeak.gz
,Atf3,GM12878/K562,http://hgdownload.soe.ucsc.edu/goldenPath/hg19/encodeDCC/wgEncodeHaibTfbs/wgEncodeHaibTfbsGm12878Atf3Pcr1xPkRep1.broadPeak.gz,http://hgdownload.soe.ucsc.edu/goldenPath/hg19/encodeDCC/wgEncodeHaibTfbs/wgEncodeHaibTfbsK562Atf3V0416101PkRep1.broadPeak.gz
,Bcl3,GM12878/K562,http://hgdownload.soe.ucsc.edu/goldenPath/hg19/encodeDCC/wgEncodeHaibTfbs/wgEncodeHaibTfbsK562Bcl3Pcr1xPkRep1.broadPeak.gz,http://hgdownload.soe.ucsc.edu/goldenPath/hg19/encodeDCC/wgEncodeHaibTfbs/wgEncodeHaibTfbsK562Bcl3Pcr1xPkRep1.broadPeak.gz
,Bclaf101388,GM12878/K562,http://hgdownload.soe.ucsc.edu/goldenPath/hg19/encodeDCC/wgEncodeHaibTfbs/wgEncodeHaibTfbsK562Bclaf101388Pcr1xPkRep1.broadPeak.gz,http://hgdownload.soe.ucsc.edu/goldenPath/hg19/encodeDCC/wgEncodeHaibTfbs/wgEncodeHaibTfbsK562Bclaf101388Pcr1xPkRep1.broadPeak.gz
,Bhlh,GM12878,http://hgdownload.soe.ucsc.edu/goldenPath/hg19/encodeDCC/wgEncodeSydhTfbs/wgEncodeSydhTfbsGm12878Bhlhe40cIggmusPk.narrowPeak.gz,http://hgdownload.soe.ucsc.edu/goldenPath/hg19/encodeDCC/wgEncodeSydhTfbs/wgEncodeSydhTfbsK562Bhlhe40cIggmusPk.narrowPeak.gz
,Cebpbsc150,GM12878/K562,http://hgdownload.soe.ucsc.edu/goldenPath/hg19/encodeDCC/wgEncodeHaibTfbs/wgEncodeHaibTfbsK562Cebpbsc150V0422111PkRep1.broadPeak.gz,http://hgdownload.soe.ucsc.edu/goldenPath/hg19/encodeDCC/wgEncodeHaibTfbs/wgEncodeHaibTfbsK562Cebpbsc150V0422111PkRep1.broadPeak.gz
,Cfos,GM12878/K562,http://hgdownload.soe.ucsc.edu/goldenPath/hg19/encodeDCC/wgEncodeSydhTfbs/wgEncodeSydhTfbsGm12878CfosStdPk.narrowPeak.gz,http://hgdownload.soe.ucsc.edu/goldenPath/hg19/encodeDCC/wgEncodeSydhTfbs/wgEncodeSydhTfbsK562CfosStdPk.narrowPeak.gz
,Chd1a301218a,GM12878/K562,http://hgdownload.soe.ucsc.edu/goldenPath/hg19/encodeDCC/wgEncodeSydhTfbs/wgEncodeSydhTfbsGm12878Chd1a301218aIggmusPk.narrowPeak.gz,http://hgdownload.soe.ucsc.edu/goldenPath/hg19/encodeDCC/wgEncodeAwgTfbsUniform/wgEncodeAwgTfbsBroadK562Chd1a301218aUniPk.narrowPeak.gz
,Chd2ab68301,GM12878/K562,http://hgdownload.soe.ucsc.edu/goldenPath/hg19/encodeDCC/wgEncodeSydhTfbs/wgEncodeSydhTfbsGm12878Chd2ab68301IggmusPk.narrowPeak.gz,http://hgdownload.soe.ucsc.edu/goldenPath/hg19/encodeDCC/wgEncodeSydhTfbs/wgEncodeSydhTfbsK562Chd2ab68301IggrabPk.narrowPeak.gz
,Cmyc,GM12878/K562,http://hgdownload.soe.ucsc.edu/goldenPath/hg19/encodeDCC/wgEncodeAwgTfbsUniform/wgEncodeAwgTfbsUtaGm12878CmycUniPk.narrowPeak.gz,http://hgdownload.soe.ucsc.edu/goldenPath/hg19/encodeDCC/wgEncodeSydhTfbs/wgEncodeSydhTfbsK562CmycIfna6hStdPk.narrowPeak.gz
,Corestsc30189,GM12878/K562,http://hgdownload.soe.ucsc.edu/goldenPath/hg19/encodeDCC/wgEncodeSydhTfbs/wgEncodeSydhTfbsGm12878Corestsc30189IggmusPk.narrowPeak.gz,http://hgdownload.soe.ucsc.edu/goldenPath/hg19/encodeDCC/wgEncodeSydhTfbs/wgEncodeSydhTfbsK562Corestsc30189IggrabPk.narrowPeak.gz
,Ctcf,GM12878/K562,http://hgdownload.soe.ucsc.edu/goldenPath/hg19/encodeDCC/wgEncodeAwgTfbsUniform/wgEncodeAwgTfbsBroadGm12878CtcfUniPk.narrowPeak.gz,http://hgdownload.soe.ucsc.edu/goldenPath/hg19/encodeDCC/wgEncodeAwgTfbsUniform/wgEncodeAwgTfbsBroadK562CtcfUniPk.narrowPeak.gz
,E2f4,GM12878/K562,http://hgdownload.soe.ucsc.edu/goldenPath/hg19/encodeDCC/wgEncodeSydhTfbs/wgEncodeSydhTfbsGm12878E2f4IggmusPk.narrowPeak.gz,http://hgdownload.soe.ucsc.edu/goldenPath/hg19/encodeDCC/wgEncodeSydhTfbs/wgEncodeSydhTfbsK562E2f4UcdPk.narrowPeak.gz
,Egr1,GM12878/K562,http://hgdownload.soe.ucsc.edu/goldenPath/hg19/encodeDCC/wgEncodeHaibTfbs/wgEncodeHaibTfbsGm12878Egr1V0416101PkRep1.broadPeak.gz,http://hgdownload.soe.ucsc.edu/goldenPath/hg19/encodeDCC/wgEncodeHaibTfbs/wgEncodeHaibTfbsK562Egr1V0416101RawDataRep1.fastq.gz
,Elf1sc631,GM12878/K562,http://hgdownload.soe.ucsc.edu/goldenPath/hg19/encodeDCC/wgEncodeHaibTfbs/wgEncodeHaibTfbsGm12878Elf1sc631V0416101PkRep1.broadPeak.gz,http://hgdownload.soe.ucsc.edu/goldenPath/hg19/encodeDCC/wgEncodeHaibTfbs/wgEncodeHaibTfbsK562Elf1sc631V0416102PkRep1.broadPeak.gz
,Elk112771,GM12878/K562,http://hgdownload.soe.ucsc.edu/goldenPath/hg19/encodeDCC/wgEncodeSydhTfbs/wgEncodeSydhTfbsGm12878Elk112771IggmusPk.narrowPeak.gz,http://hgdownload.soe.ucsc.edu/goldenPath/hg19/encodeDCC/wgEncodeSydhTfbs/wgEncodeSydhTfbsK562Elk112771IggrabPk.narrowPeak.gz
,Ets1,GM12878/K562,http://hgdownload.soe.ucsc.edu/goldenPath/hg19/encodeDCC/wgEncodeHaibTfbs/wgEncodeHaibTfbsGm12878Ets1Pcr1xPkRep1.broadPeak.gz,http://hgdownload.soe.ucsc.edu/goldenPath/hg19/encodeDCC/wgEncodeHaibTfbs/wgEncodeHaibTfbsK562Ets1V0416101PkRep1.broadPeak.gz
,Gabp,GM12878/K562,http://hgdownload.soe.ucsc.edu/goldenPath/hg19/encodeDCC/wgEncodeHaibTfbs/wgEncodeHaibTfbsGm12878GabpPcr2xPkRep1.broadPeak.gz,http://hgdownload.soe.ucsc.edu/goldenPath/hg19/encodeDCC/wgEncodeHaibTfbs/wgEncodeHaibTfbsK562GabpV0416101PkRep1.broadPeak.gz
,Jund,GM12878/K562,http://hgdownload.soe.ucsc.edu/goldenPath/hg19/encodeDCC/wgEncodeSydhTfbs/wgEncodeSydhTfbsGm12878JundIggrabPk.narrowPeak.gz,http://hgdownload.soe.ucsc.edu/goldenPath/hg19/encodeDCC/wgEncodeSydhTfbs/wgEncodeSydhTfbsGm12878JundIggrabPk.narrowPeak.gz
,Max,GM12878/K562,http://hgdownload.soe.ucsc.edu/goldenPath/hg19/encodeDCC/wgEncodeSydhTfbs/wgEncodeSydhTfbsGm12878MaxIggmusPk.narrowPeak.gz,http://hgdownload.soe.ucsc.edu/goldenPath/hg19/encodeDCC/wgEncodeHaibTfbs/wgEncodeHaibTfbsK562MaxV0416102PkRep1.broadPeak.gz
,Mazab85725,GM12878/K562,http://hgdownload.soe.ucsc.edu/goldenPath/hg19/encodeDCC/wgEncodeSydhTfbs/wgEncodeSydhTfbsGm12878Mazab85725IggmusPk.narrowPeak.gz,http://hgdownload.soe.ucsc.edu/goldenPath/hg19/encodeDCC/wgEncodeSydhTfbs/wgEncodeSydhTfbsGm12878Mazab85725IggmusPk.narrowPeak.gz
,Mef2a,GM12878/K562,http://hgdownload.soe.ucsc.edu/goldenPath/hg19/encodeDCC/wgEncodeHaibTfbs/wgEncodeHaibTfbsGm12878Mef2aPcr1xPkRep1.broadPeak.gz,http://hgdownload.soe.ucsc.edu/goldenPath/hg19/encodeDCC/wgEncodeHaibTfbs/wgEncodeHaibTfbsK562Mef2aV0416101PkRep1.broadPeak.gz
,Mxi1,GM12878,http://hgdownload.soe.ucsc.edu/goldenPath/hg19/encodeDCC/wgEncodeSydhTfbs/wgEncodeSydhTfbsGm12878Mxi1IggmusPk.narrowPeak.gz,http://hgdownload.soe.ucsc.edu/goldenPath/hg19/encodeDCC/wgEncodeSydhTfbs/wgEncodeSydhTfbsHelas3Mxi1af4185IggrabPk.narrowPeak.gz
,Nfe2,GM12878,http://hgdownload.soe.ucsc.edu/goldenPath/hg19/encodeDCC/wgEncodeSydhTfbs/wgEncodeSydhTfbsGm12878Nfe2sc22827StdPk.narrowPeak.gz,http://hgdownload.soe.ucsc.edu/goldenPath/hg19/encodeDCC/wgEncodeSydhTfbs/wgEncodeSydhTfbsK562Nfe2StdPk.narrowPeak.gz
,Nfya,GM12878/K562,http://hgdownload.soe.ucsc.edu/goldenPath/hg19/encodeDCC/wgEncodeSydhTfbs/wgEncodeSydhTfbsGm12878NfyaIggmusPk.narrowPeak.gz,http://hgdownload.soe.ucsc.edu/goldenPath/hg19/encodeDCC/wgEncodeSydhTfbs/wgEncodeSydhTfbsK562NfyaStdPk.narrowPeak.gz
,Nfyb,GM12878/K562,http://hgdownload.soe.ucsc.edu/goldenPath/hg19/encodeDCC/wgEncodeSydhTfbs/wgEncodeSydhTfbsGm12878NfybIggmusPk.narrowPeak.gz,http://hgdownload.soe.ucsc.edu/goldenPath/hg19/encodeDCC/wgEncodeSydhTfbs/wgEncodeSydhTfbsK562NfybStdPk.narrowPeak.gz
,Nrf1,GM12878/K562,http://hgdownload.soe.ucsc.edu/goldenPath/hg19/encodeDCC/wgEncodeSydhTfbs/wgEncodeSydhTfbsGm12878Nrf1IggmusPk.narrowPeak.gz,http://hgdownload.soe.ucsc.edu/goldenPath/hg19/encodeDCC/wgEncodeSydhTfbs/wgEncodeSydhTfbsK562Nrf1IggrabPk.narrowPeak.gz
,Nrsf,GM12878/K562,http://hgdownload.soe.ucsc.edu/goldenPath/hg19/encodeDCC/wgEncodeHaibTfbs/wgEncodeHaibTfbsGm12878NrsfPcr1xPkRep1.broadPeak.gz,http://hgdownload.soe.ucsc.edu/goldenPath/hg19/encodeDCC/wgEncodeHaibTfbs/wgEncodeHaibTfbsK562NrsfV0416102PkRep1.broadPeak.gz
,P300,GM12878/K562,http://hgdownload.soe.ucsc.edu/goldenPath/hg19/encodeDCC/wgEncodeHaibTfbs/wgEncodeHaibTfbsGm12878P300Pcr1xPkRep1.broadPeak.gz,http://hgdownload.soe.ucsc.edu/goldenPath/hg19/encodeDCC/wgEncodeAwgTfbsUniform/wgEncodeAwgTfbsBroadK562P300UniPk.narrowPeak.gz
,Pmlsc71910,GM12878/K562,http://hgdownload.soe.ucsc.edu/goldenPath/hg19/encodeDCC/wgEncodeHaibTfbs/wgEncodeHaibTfbsGm12878Pmlsc71910V0422111PkRep1.broadPeak.gz,http://hgdownload.soe.ucsc.edu/goldenPath/hg19/encodeDCC/wgEncodeHaibTfbs/wgEncodeHaibTfbsK562Pmlsc71910V0422111PkRep1.broadPeak.gz
,Pol2,GM12878/K562,http://hgdownload.soe.ucsc.edu/goldenPath/hg19/encodeDCC/wgEncodeHaibTfbs/wgEncodeHaibTfbsGm12878Pol2Pcr2xPkRep1.broadPeak.gz,http://hgdownload.soe.ucsc.edu/goldenPath/hg19/encodeDCC/wgEncodeHaibTfbs/wgEncodeHaibTfbsK562Pol2V0416101PkRep1.broadPeak.gz
,Pol24h8,GM12878/K562,http://hgdownload.soe.ucsc.edu/goldenPath/hg19/encodeDCC/wgEncodeHaibTfbs/wgEncodeHaibTfbsGm12878Pol24h8Pcr1xPkRep1.broadPeak.gz,http://hgdownload.soe.ucsc.edu/goldenPath/hg19/encodeDCC/wgEncodeHaibTfbs/wgEncodeHaibTfbsK562Pol24h8V0416101PkRep1.broadPeak.gz
,Pol2s2,GM12878/K562,http://hgdownload.soe.ucsc.edu/goldenPath/hg19/encodeDCC/wgEncodeSydhTfbs/wgEncodeSydhTfbsGm12878Pol2s2IggmusPk.narrowPeak.gz,http://hgdownload.soe.ucsc.edu/goldenPath/hg19/encodeDCC/wgEncodeSydhTfbs/wgEncodeSydhTfbsK562Pol2s2IggrabPk.narrowPeak.gz
,Pu1,GM12878/K562,http://hgdownload.soe.ucsc.edu/goldenPath/hg19/encodeDCC/wgEncodeHaibTfbs/wgEncodeHaibTfbsGm12878Pu1Pcr1xPkRep1.broadPeak.gz,http://hgdownload.soe.ucsc.edu/goldenPath/hg19/encodeDCC/wgEncodeHaibTfbs/wgEncodeHaibTfbsK562Pu1Pcr1xPkRep1.broadPeak.gz
,Rad21,GM12878/K562,http://hgdownload.soe.ucsc.edu/goldenPath/hg19/encodeDCC/wgEncodeHaibTfbs/wgEncodeHaibTfbsGm12878Rad21V0416101PkRep1.broadPeak.gz,http://hgdownload.soe.ucsc.edu/goldenPath/hg19/encodeDCC/wgEncodeHaibTfbs/wgEncodeHaibTfbsK562Rad21V0416102PkRep1.broadPeak.gz
,Rfx5,GM12878,http://hgdownload.soe.ucsc.edu/goldenPath/hg19/encodeDCC/wgEncodeSydhTfbs/wgEncodeSydhTfbsGm12878Rfx5200401194IggmusPk.narrowPeak.gz,http://hgdownload.soe.ucsc.edu/goldenPath/hg19/encodeDCC/wgEncodeSydhTfbs/wgEncodeSydhTfbsK562Rfx5IggrabPk.narrowPeak.gz
,Sin3a,GM12878,http://hgdownload.soe.ucsc.edu/goldenPath/hg19/encodeDCC/wgEncodeSydhTfbs/wgEncodeSydhTfbsGm12878Sin3anb6001263IggmusPk.narrowPeak.gz,http://hgdownload.soe.ucsc.edu/goldenPath/hg19/encodeDCC/wgEncodeHaibTfbs/wgEncodeHaibTfbsK562Sin3ak20V0416101PkRep1.broadPeak.gz
,Six5,GM12878/K562,http://hgdownload.soe.ucsc.edu/goldenPath/hg19/encodeDCC/wgEncodeHaibTfbs/wgEncodeHaibTfbsGm12878Six5Pcr1xPkRep1.broadPeak.gz,http://hgdownload.soe.ucsc.edu/goldenPath/hg19/encodeDCC/wgEncodeHaibTfbs/wgEncodeHaibTfbsK562Six5Pcr1xPkRep1.broadPeak.gz
,Smc3ab9263,GM12878/K562,http://hgdownload.soe.ucsc.edu/goldenPath/hg19/encodeDCC/wgEncodeSydhTfbs/wgEncodeSydhTfbsGm12878Smc3ab9263IggmusPk.narrowPeak.gz,http://hgdownload.soe.ucsc.edu/goldenPath/hg19/encodeDCC/wgEncodeSydhTfbs/wgEncodeSydhTfbsK562Smc3ab9263IggrabPk.narrowPeak.gz
,Sp1,GM12878/K562,http://hgdownload.soe.ucsc.edu/goldenPath/hg19/encodeDCC/wgEncodeHaibTfbs/wgEncodeHaibTfbsGm12878Sp1Pcr1xPkRep1.broadPeak.gz,http://hgdownload.soe.ucsc.edu/goldenPath/hg19/encodeDCC/wgEncodeHaibTfbs/wgEncodeHaibTfbsK562Sp1Pcr1xPkRep1.broadPeak.gz
,Srf,GM12878/K562,http://hgdownload.soe.ucsc.edu/goldenPath/hg19/encodeDCC/wgEncodeHaibTfbs/wgEncodeHaibTfbsGm12878SrfPcr2xPkRep1.broadPeak.gz,http://hgdownload.soe.ucsc.edu/goldenPath/hg19/encodeDCC/wgEncodeHaibTfbs/wgEncodeHaibTfbsK562SrfV0416101PkRep1.broadPeak.gz
,Stat1,GM12878/K562,http://hgdownload.soe.ucsc.edu/goldenPath/hg19/encodeDCC/wgEncodeSydhTfbs/wgEncodeSydhTfbsGm12878Stat1StdPk.narrowPeak.gz,http://hgdownload.soe.ucsc.edu/goldenPath/hg19/encodeDCC/wgEncodeSydhTfbs/wgEncodeSydhTfbsK562Stat1Ifna6hStdPk.narrowPeak.gz
,Stat5asc74442,GM12878/K562,http://hgdownload.soe.ucsc.edu/goldenPath/hg19/encodeDCC/wgEncodeHaibTfbs/wgEncodeHaibTfbsGm12878Stat5asc74442V0422111PkRep1.broadPeak.gz,http://hgdownload.soe.ucsc.edu/goldenPath/hg19/encodeDCC/wgEncodeHaibTfbs/wgEncodeHaibTfbsK562Stat5asc74442V0422111PkRep1.broadPeak.gz
,Taf1,GM12878/K562,http://hgdownload.soe.ucsc.edu/goldenPath/hg19/encodeDCC/wgEncodeHaibTfbs/wgEncodeHaibTfbsGm12878Taf1Pcr1xPkRep1.broadPeak.gz,http://hgdownload.soe.ucsc.edu/goldenPath/hg19/encodeDCC/wgEncodeHaibTfbs/wgEncodeHaibTfbsK562Taf1V0416101PkRep1.broadPeak.gz
,Tblr1ab24550,GM12878/K562,http://hgdownload.soe.ucsc.edu/goldenPath/hg19/encodeDCC/wgEncodeSydhTfbs/wgEncodeSydhTfbsGm12878Tblr1ab24550IggmusPk.narrowPeak.gz,http://hgdownload.soe.ucsc.edu/goldenPath/hg19/encodeDCC/wgEncodeSydhTfbs/wgEncodeSydhTfbsK562Tblr1ab24550IggrabPk.narrowPeak.gz
,Tbp,GM12878/K562,http://hgdownload.soe.ucsc.edu/goldenPath/hg19/encodeDCC/wgEncodeSydhTfbs/wgEncodeSydhTfbsGm12878TbpIggmusPk.narrowPeak.gz,http://hgdownload.soe.ucsc.edu/goldenPath/hg19/encodeDCC/wgEncodeSydhTfbs/wgEncodeSydhTfbsK562TbpIggmusPk.narrowPeak.gz
,Tr4,GM12878/K562,http://hgdownload.soe.ucsc.edu/goldenPath/hg19/encodeDCC/wgEncodeSydhTfbs/wgEncodeSydhTfbsGm12878Tr4StdPk.narrowPeak.gz,http://hgdownload.soe.ucsc.edu/goldenPath/hg19/encodeDCC/wgEncodeSydhTfbs/wgEncodeSydhTfbsK562Tr4UcdPk.narrowPeak.gz
,Usf1,GM12878/K562,http://hgdownload.soe.ucsc.edu/goldenPath/hg19/encodeDCC/wgEncodeHaibTfbs/wgEncodeHaibTfbsGm12878Usf1Pcr2xPkRep1.broadPeak.gz,http://hgdownload.soe.ucsc.edu/goldenPath/hg19/encodeDCC/wgEncodeHaibTfbs/wgEncodeHaibTfbsK562Usf1V0416101PkRep1.broadPeak.gz
,Usf2,GM12878/K562,http://hgdownload.soe.ucsc.edu/goldenPath/hg19/encodeDCC/wgEncodeSydhTfbs/wgEncodeSydhTfbsGm12878Usf2IggmusPk.narrowPeak.gz,http://hgdownload.soe.ucsc.edu/goldenPath/hg19/encodeDCC/wgEncodeSydhTfbs/wgEncodeSydhTfbsK562Usf2IggrabPk.narrowPeak.gz
,Yy1,GM12878/K562,http://hgdownload.soe.ucsc.edu/goldenPath/hg19/encodeDCC/wgEncodeSydhTfbs/wgEncodeSydhTfbsGm12878Yy1StdPk.narrowPeak.gz,http://hgdownload.soe.ucsc.edu/goldenPath/hg19/encodeDCC/wgEncodeHaibTfbs/wgEncodeHaibTfbsK562Yy1V0416101PkRep1.broadPeak.gz
,Zbtb33,GM12878/K562,http://hgdownload.soe.ucsc.edu/goldenPath/hg19/encodeDCC/wgEncodeHaibTfbs/wgEncodeHaibTfbsGm12878Zbtb33Pcr1xPkRep1.broadPeak.gz,http://hgdownload.soe.ucsc.edu/goldenPath/hg19/encodeDCC/wgEncodeHaibTfbs/wgEncodeHaibTfbsK562Zbtb33Pcr1xPkRep1.broadPeak.gz
,Znf143,GM12878,http://hgdownload.soe.ucsc.edu/goldenPath/hg19/encodeDCC/wgEncodeSydhTfbs/wgEncodeSydhTfbsGm12878Znf143166181apStdPk.narrowPeak.gz,http://hgdownload.soe.ucsc.edu/goldenPath/hg19/encodeDCC/wgEncodeSydhTfbs/wgEncodeSydhTfbsK562Znf143IggrabPk.narrowPeak.gz
